{
    "anchorpoints": [],
    "portpins": [
        {
            "name": "1",
            "position": [
                -7.105427357601002e-15,
                -6.784790859530972e-14,
                8.701638870060103e-31
            ],
            "rotation": [
                0.0,
                -1.0,
                1.2246467991473515e-16,
                1.0,
                0.0,
                -0.0,
                0.0,
                1.2246467991473515e-16,
                1.0
            ]
        }
    ],
    "version": 7
}